,A-2u Average,A-1b Average
Average,13.39716243,30.97822596
Min File Size,1,3.058467742
Median Size,6.59375,27.73611111
Max File Size,41.81818182,76
Total File Size,2143.545989,4956.516154